n_superpixels,compactness,regularity,global_regularity
217,0.5315487512671486,0.7503404936688364,0.836106793294147
